{
  "c": [
    278.4,
    525.1
  ],
  "f": [
    902.6,
    877.4
  ],
  "k": [
    0.0,
    0,
    0,
    0,
    0
  ],
  "camera_mtx": [
    [
      902.6,
      0.0,
      278.4
    ],
    [
      0.0,
      877.4,
      525.1
    ],
    [
      0.0,
      0.0,
      1.0
    ]
  ],
  "view_mtx": [
    [
      1.0,
      0,
      0,
      0
    ],
    [
      0.0,
      1,
      0,
      0
    ],
    [
      0.0,
      0,
      1,
      0
    ]
  ],
  "R": [
    0.0,
    0,
    0
  ],
  "T": [
    0.0,
    0,
    0
  ]
}