{
  "c": [
    208.1,
    259.7
  ],
  "f": [
    367.8,
    367.8
  ],
  "k": [
    0.0,
    0.0,
    0.0,
    0.0,
    0.0
  ],
  "camera_mtx": [
    [
      367.8,
      0.0,
      208.1
    ],
    [
      0.0,
      367.8,
      259.7
    ],
    [
      0.0,
      0.0,
      1.0
    ]
  ],
  "view_mtx": [
    [
      1.0,
      0.0,
      0.0,
      0.0
    ],
    [
      0,
      1,
      0,
      0
    ],
    [
      0,
      0,
      1.0,
      0
    ]
  ],
  "R": [
    0.0,
    0,
    0
  ],
  "T": [
    0,
    0,
    0
  ]
}